Feature,Logistic Regression,Random Forest
N,0.13613897744195863,0.10552285647355464
P,0.07287459554549632,0.009148588137616976
K,0.03352315602877501,0.043234976364964296
pH,0.20827051253291953,0.21416364375658
EC,0.19551497707550053,0.20189407628252892
