Feature,SHAP_LogReg,SHAP_RandForest,LIME_LogReg,LIME_RandForest
P,1.4615464289060291,0.0774731488765034,0.07287459554549632,0.009148588137616976
EC,1.2438782451194486,0.01564824604975836,0.19551497707550053,0.20189407628252892
K,1.0641308592581635,0.05069803721631625,0.03352315602877501,0.043234976364964296
N,1.0127363044723425,0.02703337935675133,0.13613897744195863,0.10552285647355464
pH,0.9103718311359561,0.13946315881087046,0.20827051253291953,0.21416364375658
