Feature,SHAP_Importance
pH,0.04036421108977548
N,0.030964694646403636
K,0.029904068497177704
P,0.029530656873564702
S,0.028677661247515678
EC,0.025997364058957553
